started_at,ended_at,duration,start_station_id,start_station_name,start_station_description,start_station_latitude,start_station_longitude,end_station_id,end_station_name,end_station_description,end_station_latitude,end_station_longitude
2023-03-28 05:20:23.103000+00:00,2023-03-28 05:22:38.399000+00:00,135,20,Nordre gate , Ved Olav Tryggvasons gate,63.433085554043984,10.397391468286514,28,Kongens gate,Ved Nordre gate,63.43045711348886,10.398100912570953
2023-03-28 06:04:17.311000+00:00,2023-03-28 06:10:59.123000+00:00,401,109,Torvet II,Utenfor McDonald's,63.430470910132236,10.393931418657303,45,Studentersamfundet,sør for Eddaparken. Operativt betjeningspanel.,63.42185871322338,10.39451614022255
2023-03-28 06:17:41.164000+00:00,2023-03-28 06:23:02.849000+00:00,321,19,Jomfrugateallmenningen,Fjordgata vest,63.434423074986874,10.395468324422836,108,Bassengbakken, ved Rosenborgbassenget,63.43592006472795,10.414788275957108
2023-03-28 06:26:25.853000+00:00,2023-03-28 06:34:24.554000+00:00,478,30,St. Olavs gate,Ved trikkeholdeplass,63.431170931099416,10.390283614397049,107,Pirbadet, Ved Havnegata,63.44075835708318,10.402169823646545
2023-03-28 07:10:01.175000+00:00,2023-03-28 07:21:15.248000+00:00,674,108,Bassengbakken, ved Rosenborgbassenget,63.43592006472795,10.414788275957108,51,Skansen, ved kryss Mellomila / Illevollen,63.430403126559675,10.37476971745491
2023-03-28 07:34:36.123000+00:00,2023-03-28 07:40:33.948000+00:00,357,51,Skansen, ved kryss Mellomila / Illevollen,63.430403126559675,10.37476971745491,30,St. Olavs gate,Ved trikkeholdeplass,63.431170931099416,10.390283614397049
2023-03-28 07:45:42.049000+00:00,2023-03-28 07:50:35.067000+00:00,293,85,TMV-odden,Solsiden,63.43547778770301,10.410569131581866,74,Erling Skakkes gate, Ved Vår Frues gate,63.42889745011402,10.39928913116455
2023-03-28 07:57:35.976000+00:00,2023-03-28 08:03:16.578000+00:00,340,51,Skansen, ved kryss Mellomila / Illevollen,63.430403126559675,10.37476971745491,9,Brattørkaia,Ved hurtigbåtterminalen. Operativt betjeningspanel.,63.43740318294613,10.39729356765747
2023-03-28 08:57:24.499000+00:00,2023-03-28 09:01:19.876000+00:00,235,19,Jomfrugateallmenningen,Fjordgata vest,63.434423074986874,10.395468324422836,85,TMV-odden,Solsiden,63.43547778770301,10.410569131581866
2023-03-28 10:51:14.502000+00:00,2023-03-28 11:29:10.399000+00:00,2275,65,Strandveikaia,langs Stiklestadveien ved Strandveien,63.44208952370503,10.427939146757126,6,Lademoparken,ved kryss Mellomveien / Innherredsveien. Operativt betjeningspanel.,63.43660495943216,10.425844341516495
2023-03-28 10:51:16.396000+00:00,2023-03-28 11:29:04.874000+00:00,2268,65,Strandveikaia,langs Stiklestadveien ved Strandveien,63.44208952370503,10.427939146757126,6,Lademoparken,ved kryss Mellomveien / Innherredsveien. Operativt betjeningspanel.,63.43660495943216,10.425844341516495
2023-03-28 11:03:43.275000+00:00,2023-03-28 11:11:10.711000+00:00,447,74,Erling Skakkes gate, Ved Vår Frues gate,63.42889745011402,10.39928913116455,1878,Idrettsbygget Gløshaugen,ved Christian Frederiks gate,63.42078238303412,10.404757641464101
2023-03-28 11:18:47.113000+00:00,2023-03-28 11:32:43.225000+00:00,836,148,Fjordgata,Ved 4Sound,63.43483884684911,10.403396522008734,128,Lillegårdsbakken,Nederst i Lillegårdsbakken,63.42629161886643,10.404109150403997
2023-03-28 11:26:19.437000+00:00,2023-03-28 11:30:47.781000+00:00,268,21,Bakke bru,Ved holdeplass Bakkegata. Operativt betjeningspanel.,63.432148588449024,10.407380764659592,52,Bakklandet,Parkeringsplassen ved Brubakken. Operativt betjeningspanel.,63.427896581278105,10.403341750766884
2023-03-28 11:36:34.293000+00:00,2023-03-28 11:46:07.845000+00:00,573,43,Klostergata,Utenfor Coop Prix,63.423087556928024,10.38932740688324,1,Dokkparken,Ved kryss Innherredsveien / Verftsgata. Operativt betjeningspanel.,63.433509009133566,10.411412715911865
2023-03-28 11:54:54.845000+00:00,2023-03-28 12:00:56.645000+00:00,361,51,Skansen, ved kryss Mellomila / Illevollen,63.430403126559675,10.37476971745491,20,Nordre gate , Ved Olav Tryggvasons gate,63.433085554043984,10.397391468286514
2023-03-28 12:05:34.455000+00:00,2023-03-28 12:11:35.293000+00:00,360,45,Studentersamfundet,sør for Eddaparken. Operativt betjeningspanel.,63.42185871322338,10.39451614022255,109,Torvet II,Utenfor McDonald's,63.430470910132236,10.393931418657303
2023-03-28 12:07:25.855000+00:00,2023-03-28 12:17:34.688000+00:00,608,51,Skansen, ved kryss Mellomila / Illevollen,63.430403126559675,10.37476971745491,118,Abels gate,Ved Udbyes gate,63.41614341778847,10.396314561367035
2023-03-28 12:19:41.912000+00:00,2023-03-28 12:30:57.982000+00:00,676,175,Torvet I,ved Prinsensgate,63.43051170410531,10.392764550201036,86,Lerkendal,  I Strindvegen ved Klæbuveien,63.412525462202666,10.40068656206131
2023-03-28 12:57:55.248000+00:00,2023-03-28 13:04:18.744000+00:00,383,1878,Idrettsbygget Gløshaugen,ved Christian Frederiks gate,63.42078238303412,10.404757641464101,74,Erling Skakkes gate, Ved Vår Frues gate,63.42889745011402,10.39928913116455
2023-03-28 13:28:18.132000+00:00,2023-03-28 13:37:50.085000+00:00,571,30,St. Olavs gate,Ved trikkeholdeplass,63.431170931099416,10.390283614397049,1879,Ilsvika,ved 3T Ilsvika,63.43132548001944,10.357520394276179
2023-03-28 13:29:45.562000+00:00,2023-03-28 13:39:31.752000+00:00,586,85,TMV-odden,Solsiden,63.43547778770301,10.410569131581866,19,Jomfrugateallmenningen,Fjordgata vest,63.434423074986874,10.395468324422836
2023-03-28 13:42:30.400000+00:00,2023-03-28 13:50:33.033000+00:00,482,107,Pirbadet, Ved Havnegata,63.44075835708318,10.402169823646545,1,Dokkparken,Ved kryss Innherredsveien / Verftsgata. Operativt betjeningspanel.,63.433509009133566,10.411412715911865
2023-03-28 13:50:24.227000+00:00,2023-03-28 13:57:45.051000+00:00,440,51,Skansen, ved kryss Mellomila / Illevollen,63.430403126559675,10.37476971745491,126,Leutenhaven,i Repslagerveita mot Prinsens gate. Operativt betjeningspanel.,63.42994558007871,10.391905842869932
2023-03-28 14:00:43.119000+00:00,2023-03-28 14:02:55.957000+00:00,132,28,Kongens gate,Ved Nordre gate,63.43045711348886,10.398100912570953,20,Nordre gate , Ved Olav Tryggvasons gate,63.433085554043984,10.397391468286514
2023-03-28 14:04:53.754000+00:00,2023-03-28 14:14:08.939000+00:00,555,74,Erling Skakkes gate, Ved Vår Frues gate,63.42889745011402,10.39928913116455,18,Møllenberg,langs Innherredsveien ved Kirkegata,63.4358846800558,10.419401004910469
2023-03-28 14:12:52.678000+00:00,2023-03-28 14:19:09.175000+00:00,376,85,TMV-odden,Solsiden,63.43547778770301,10.410569131581866,20,Nordre gate , Ved Olav Tryggvasons gate,63.433085554043984,10.397391468286514
2023-03-28 14:16:49.522000+00:00,2023-03-28 14:22:09.541000+00:00,320,85,TMV-odden,Solsiden,63.43547778770301,10.410569131581866,19,Jomfrugateallmenningen,Fjordgata vest,63.434423074986874,10.395468324422836
2023-03-28 14:27:23.344000+00:00,2023-03-28 14:32:37.722000+00:00,314,85,TMV-odden,Solsiden,63.43547778770301,10.410569131581866,19,Jomfrugateallmenningen,Fjordgata vest,63.434423074986874,10.395468324422836
2023-03-28 14:30:40.319000+00:00,2023-03-28 14:52:48.996000+00:00,1328,109,Torvet II,Utenfor McDonald's,63.430470910132236,10.393931418657303,65,Strandveikaia,langs Stiklestadveien ved Strandveien,63.44208952370503,10.427939146757126
2023-03-28 14:33:19.245000+00:00,2023-03-28 14:37:02.009000+00:00,222,65,Strandveikaia,langs Stiklestadveien ved Strandveien,63.44208952370503,10.427939146757126,85,TMV-odden,Solsiden,63.43547778770301,10.410569131581866
2023-03-28 14:46:18.115000+00:00,2023-03-28 14:54:39.114000+00:00,500,51,Skansen, ved kryss Mellomila / Illevollen,63.430403126559675,10.37476971745491,21,Bakke bru,Ved holdeplass Bakkegata. Operativt betjeningspanel.,63.432148588449024,10.407380764659592
2023-03-28 14:48:57.771000+00:00,2023-03-28 14:55:37.966000+00:00,400,85,TMV-odden,Solsiden,63.43547778770301,10.410569131581866,109,Torvet II,Utenfor McDonald's,63.430470910132236,10.393931418657303
2023-03-28 14:50:32.535000+00:00,2023-03-28 14:57:28.882000+00:00,416,97,Håkon VIIs gate 8-10,Ved Burgerking,63.440766667542505,10.45927620210125,1883,Baldershage,ved Kong Øysteins veg,63.43032895814139,10.453960590206151
2023-03-28 14:56:24.229000+00:00,2023-03-28 15:04:12.399000+00:00,468,28,Kongens gate,Ved Nordre gate,63.43045711348886,10.398100912570953,41,Vollabakken, Ved Klostergata,63.42193791751501,10.399257121622668
2023-03-28 14:59:00.720000+00:00,2023-03-28 15:19:33.527000+00:00,1232,45,Studentersamfundet,sør for Eddaparken. Operativt betjeningspanel.,63.42185871322338,10.39451614022255,47,Ilaparken,ved Hans Nissens gate,63.429289773431165,10.369248388233245
2023-03-28 15:04:12.061000+00:00,2023-03-28 15:18:43.670000+00:00,871,14,Nidarosdomen,i Bispegata ved Katedralskolen. ,63.427610017040934,10.394511072969863,10,Sorgenfri,ved Sorgenfriveien 13-15,63.40489658467209,10.399461013433495
2023-03-28 15:09:26.643000+00:00,2023-03-28 15:12:42.106000+00:00,195,85,TMV-odden,Solsiden,63.43547778770301,10.410569131581866,19,Jomfrugateallmenningen,Fjordgata vest,63.434423074986874,10.395468324422836
2023-03-28 15:12:33.902000+00:00,2023-03-28 15:22:59.173000+00:00,625,109,Torvet II,Utenfor McDonald's,63.430470910132236,10.393931418657303,123,Hesthagen,Ved Klæbuveien ,63.41541842278556,10.399565398693085
2023-03-28 15:14:18.491000+00:00,2023-03-28 15:25:55.704000+00:00,697,62,Kalvskinnet,Kalvskinnsgata/Erling Skakkes gate,63.42792321730192,10.389504432678223,2303,Tempe,Utenfor MAX-bygget i Tempevegen,63.40772802863199,10.39705323440262
2023-03-28 15:15:31.496000+00:00,2023-03-28 15:20:05.840000+00:00,274,85,TMV-odden,Solsiden,63.43547778770301,10.410569131581866,74,Erling Skakkes gate, Ved Vår Frues gate,63.42889745011402,10.39928913116455
2023-03-28 15:26:22.858000+00:00,2023-03-28 15:37:28.467000+00:00,665,109,Torvet II,Utenfor McDonald's,63.430470910132236,10.393931418657303,86,Lerkendal,  I Strindvegen ved Klæbuveien,63.412525462202666,10.40068656206131
2023-03-28 15:37:13.514000+00:00,2023-03-28 15:50:30.293000+00:00,796,47,Ilaparken,ved Hans Nissens gate,63.429289773431165,10.369248388233245,108,Bassengbakken, ved Rosenborgbassenget,63.43592006472795,10.414788275957108
2023-03-28 15:37:27.755000+00:00,2023-03-28 15:43:53.288000+00:00,385,65,Strandveikaia,langs Stiklestadveien ved Strandveien,63.44208952370503,10.427939146757126,1885,Nova Kino,ved Danielsbakerveita,63.43337733865644,10.401074857528158
2023-03-28 15:37:47.980000+00:00,2023-03-28 15:47:42.565000+00:00,594,65,Strandveikaia,langs Stiklestadveien ved Strandveien,63.44208952370503,10.427939146757126,1885,Nova Kino,ved Danielsbakerveita,63.43337733865644,10.401074857528158
2023-03-28 16:57:51.046000+00:00,2023-03-28 17:07:27.836000+00:00,576,65,Strandveikaia,langs Stiklestadveien ved Strandveien,63.44208952370503,10.427939146757126,52,Bakklandet,Parkeringsplassen ved Brubakken. Operativt betjeningspanel.,63.427896581278105,10.403341750766884
2023-03-28 16:58:10.330000+00:00,2023-03-28 17:04:02.690000+00:00,352,18,Møllenberg,langs Innherredsveien ved Kirkegata,63.4358846800558,10.419401004910469,6,Lademoparken,ved kryss Mellomveien / Innherredsveien. Operativt betjeningspanel.,63.43660495943216,10.425844341516495
2023-03-28 17:02:08.714000+00:00,2023-03-28 17:06:18.278000+00:00,249,52,Bakklandet,Parkeringsplassen ved Brubakken. Operativt betjeningspanel.,63.427896581278105,10.403341750766884,20,Nordre gate , Ved Olav Tryggvasons gate,63.433085554043984,10.397391468286514
2023-03-28 17:25:14.465000+00:00,2023-03-28 17:32:02.958000+00:00,408,65,Strandveikaia,langs Stiklestadveien ved Strandveien,63.44208952370503,10.427939146757126,85,TMV-odden,Solsiden,63.43547778770301,10.410569131581866
2023-03-28 17:40:13.734000+00:00,2023-03-28 17:53:21.130000+00:00,787,148,Fjordgata,Ved 4Sound,63.43483884684911,10.403396522008734,56,Falkenborg,Ved Sirkus shopping,63.4362775074396,10.45697271823883
2023-03-28 17:50:27.260000+00:00,2023-03-28 18:27:25.472000+00:00,2218,1,Dokkparken,Ved kryss Innherredsveien / Verftsgata. Operativt betjeningspanel.,63.433509009133566,10.411412715911865,65,Strandveikaia,langs Stiklestadveien ved Strandveien,63.44208952370503,10.427939146757126
2023-03-28 18:12:07.317000+00:00,2023-03-28 18:19:20.889000+00:00,433,109,Torvet II,Utenfor McDonald's,63.430470910132236,10.393931418657303,51,Skansen, ved kryss Mellomila / Illevollen,63.430403126559675,10.37476971745491
2023-03-28 18:18:22.605000+00:00,2023-03-28 18:30:40.371000+00:00,737,2303,Tempe,Utenfor MAX-bygget i Tempevegen,63.40772802863199,10.39705323440262,25,Thornesparken ,I Kirkegata ,63.43289961569575,10.412772931158543
2023-03-28 18:38:57.414000+00:00,2023-03-28 18:43:41.173000+00:00,283,20,Nordre gate , Ved Olav Tryggvasons gate,63.433085554043984,10.397391468286514,52,Bakklandet,Parkeringsplassen ved Brubakken. Operativt betjeningspanel.,63.427896581278105,10.403341750766884
2023-03-28 19:10:56.490000+00:00,2023-03-28 19:19:13.811000+00:00,497,1885,Nova Kino,ved Danielsbakerveita,63.43337733865644,10.401074857528158,65,Strandveikaia,langs Stiklestadveien ved Strandveien,63.44208952370503,10.427939146757126
2023-03-28 19:11:29.625000+00:00,2023-03-28 19:19:19.678000+00:00,470,1885,Nova Kino,ved Danielsbakerveita,63.43337733865644,10.401074857528158,65,Strandveikaia,langs Stiklestadveien ved Strandveien,63.44208952370503,10.427939146757126
2023-03-28 19:34:36.691000+00:00,2023-03-28 19:46:15.037000+00:00,698,56,Falkenborg,Ved Sirkus shopping,63.4362775074396,10.45697271823883,148,Fjordgata,Ved 4Sound,63.43483884684911,10.403396522008734
2023-03-28 19:36:47.667000+00:00,2023-03-28 19:49:07.520000+00:00,739,86,Lerkendal,  I Strindvegen ved Klæbuveien,63.412525462202666,10.40068656206131,65,Strandveikaia,langs Stiklestadveien ved Strandveien,63.44208952370503,10.427939146757126
2023-03-29 04:01:00.601000+00:00,2023-03-29 04:08:23.294000+00:00,442,74,Erling Skakkes gate, Ved Vår Frues gate,63.42889745011402,10.39928913116455,9,Brattørkaia,Ved hurtigbåtterminalen. Operativt betjeningspanel.,63.43740318294613,10.39729356765747
2023-03-29 04:02:56.689000+00:00,2023-03-29 04:15:05.989000+00:00,729,51,Skansen, ved kryss Mellomila / Illevollen,63.430403126559675,10.37476971745491,52,Bakklandet,Parkeringsplassen ved Brubakken. Operativt betjeningspanel.,63.427896581278105,10.403341750766884
2023-03-29 04:20:15.940000+00:00,2023-03-29 04:26:18.917000+00:00,362,19,Jomfrugateallmenningen,Fjordgata vest,63.434423074986874,10.395468324422836,85,TMV-odden,Solsiden,63.43547778770301,10.410569131581866
2023-03-29 05:16:57.324000+00:00,2023-03-29 05:38:56.437000+00:00,1319,65,Strandveikaia,langs Stiklestadveien ved Strandveien,63.44208952370503,10.427939146757126,2258,St. Olavs Hospital,Bak kunnskapssenteret,63.42126270770024,10.386516005020496
2023-03-29 05:21:03.478000+00:00,2023-03-29 05:28:18.588000+00:00,435,155,Kong Øysteins veg,,63.42066281516962,10.437347828255156,56,Falkenborg,Ved Sirkus shopping,63.4362775074396,10.45697271823883
2023-03-29 05:23:49.628000+00:00,2023-03-29 05:26:25.914000+00:00,156,20,Nordre gate , Ved Olav Tryggvasons gate,63.433085554043984,10.397391468286514,28,Kongens gate,Ved Nordre gate,63.43045711348886,10.398100912570953
2023-03-29 05:25:13.550000+00:00,2023-03-29 05:31:27.200000+00:00,373,108,Bassengbakken, ved Rosenborgbassenget,63.43592006472795,10.414788275957108,19,Jomfrugateallmenningen,Fjordgata vest,63.434423074986874,10.395468324422836
2023-03-29 05:47:42.655000+00:00,2023-03-29 05:56:18.986000+00:00,516,65,Strandveikaia,langs Stiklestadveien ved Strandveien,63.44208952370503,10.427939146757126,85,TMV-odden,Solsiden,63.43547778770301,10.410569131581866
2023-03-29 05:57:59.335000+00:00,2023-03-29 06:02:17.894000+00:00,258,65,Strandveikaia,langs Stiklestadveien ved Strandveien,63.44208952370503,10.427939146757126,108,Bassengbakken, ved Rosenborgbassenget,63.43592006472795,10.414788275957108
2023-03-29 05:58:10.332000+00:00,2023-03-29 06:02:53.122000+00:00,282,19,Jomfrugateallmenningen,Fjordgata vest,63.434423074986874,10.395468324422836,108,Bassengbakken, ved Rosenborgbassenget,63.43592006472795,10.414788275957108
2023-03-29 05:59:51.648000+00:00,2023-03-29 06:05:10.438000+00:00,318,128,Lillegårdsbakken,Nederst i Lillegårdsbakken,63.42629161886643,10.404109150403997,1885,Nova Kino,ved Danielsbakerveita,63.43337733865644,10.401074857528158
2023-03-29 06:24:45.731000+00:00,2023-03-29 06:30:39.517000+00:00,353,65,Strandveikaia,langs Stiklestadveien ved Strandveien,63.44208952370503,10.427939146757126,85,TMV-odden,Solsiden,63.43547778770301,10.410569131581866
2023-03-29 06:24:53.083000+00:00,2023-03-29 06:33:14.168000+00:00,501,30,St. Olavs gate,Ved trikkeholdeplass,63.431170931099416,10.390283614397049,107,Pirbadet, Ved Havnegata,63.44075835708318,10.402169823646545
2023-03-29 06:27:39.350000+00:00,2023-03-29 06:30:56.755000+00:00,197,118,Abels gate,Ved Udbyes gate,63.41614341778847,10.396314561367035,43,Klostergata,Utenfor Coop Prix,63.423087556928024,10.38932740688324
2023-03-29 06:30:46.623000+00:00,2023-03-29 06:36:53.320000+00:00,366,25,Thornesparken ,I Kirkegata ,63.43289961569575,10.412772931158543,30,St. Olavs gate,Ved trikkeholdeplass,63.431170931099416,10.390283614397049
2023-03-29 06:43:42.179000+00:00,2023-03-29 06:50:08.910000+00:00,386,123,Hesthagen,Ved Klæbuveien ,63.41541842278556,10.399565398693085,74,Erling Skakkes gate, Ved Vår Frues gate,63.42889745011402,10.39928913116455
2023-03-29 06:54:06.723000+00:00,2023-03-29 06:58:14.232000+00:00,247,45,Studentersamfundet,sør for Eddaparken. Operativt betjeningspanel.,63.42185871322338,10.39451614022255,62,Kalvskinnet,Kalvskinnsgata/Erling Skakkes gate,63.42792321730192,10.389504432678223
2023-03-29 07:02:19.482000+00:00,2023-03-29 07:11:40.269000+00:00,560,65,Strandveikaia,langs Stiklestadveien ved Strandveien,63.44208952370503,10.427939146757126,4,Dalen hageby,Ved Bussholdeplassen,63.43757529885024,10.44872760772705
2023-03-29 07:41:31.736000+00:00,2023-03-29 07:47:04.210000+00:00,332,19,Jomfrugateallmenningen,Fjordgata vest,63.434423074986874,10.395468324422836,85,TMV-odden,Solsiden,63.43547778770301,10.410569131581866
2023-03-29 08:13:36.185000+00:00,2023-03-29 08:23:49.009000+00:00,612,41,Vollabakken, Ved Klostergata,63.42193791751501,10.399257121622668,86,Lerkendal,  I Strindvegen ved Klæbuveien,63.412525462202666,10.40068656206131
2023-03-29 08:39:51.185000+00:00,2023-03-29 08:50:30.259000+00:00,639,6,Lademoparken,ved kryss Mellomveien / Innherredsveien. Operativt betjeningspanel.,63.43660495943216,10.425844341516495,74,Erling Skakkes gate, Ved Vår Frues gate,63.42889745011402,10.39928913116455
2023-03-29 08:40:15.752000+00:00,2023-03-29 08:48:55.999000+00:00,520,6,Lademoparken,ved kryss Mellomveien / Innherredsveien. Operativt betjeningspanel.,63.43660495943216,10.425844341516495,74,Erling Skakkes gate, Ved Vår Frues gate,63.42889745011402,10.39928913116455
2023-03-29 08:40:46.562000+00:00,2023-03-29 08:57:18.999000+00:00,992,65,Strandveikaia,langs Stiklestadveien ved Strandveien,63.44208952370503,10.427939146757126,123,Hesthagen,Ved Klæbuveien ,63.41541842278556,10.399565398693085
2023-03-29 08:41:08.530000+00:00,2023-03-29 08:50:06.702000+00:00,538,85,TMV-odden,Solsiden,63.43547778770301,10.410569131581866,74,Erling Skakkes gate, Ved Vår Frues gate,63.42889745011402,10.39928913116455
2023-03-29 10:36:25.140000+00:00,2023-03-29 10:43:15.611000+00:00,410,109,Torvet II,Utenfor McDonald's,63.430470910132236,10.393931418657303,85,TMV-odden,Solsiden,63.43547778770301,10.410569131581866
2023-03-29 11:43:58.529000+00:00,2023-03-29 11:54:33.161000+00:00,634,74,Erling Skakkes gate, Ved Vår Frues gate,63.42889745011402,10.39928913116455,1878,Idrettsbygget Gløshaugen,ved Christian Frederiks gate,63.42078238303412,10.404757641464101
2023-03-29 11:50:51.891000+00:00,2023-03-29 11:55:31.536000+00:00,279,1,Dokkparken,Ved kryss Innherredsveien / Verftsgata. Operativt betjeningspanel.,63.433509009133566,10.411412715911865,28,Kongens gate,Ved Nordre gate,63.43045711348886,10.398100912570953
2023-03-29 12:14:30.721000+00:00,2023-03-29 12:23:11.289000+00:00,520,123,Hesthagen,Ved Klæbuveien ,63.41541842278556,10.399565398693085,21,Bakke bru,Ved holdeplass Bakkegata. Operativt betjeningspanel.,63.432148588449024,10.407380764659592
2023-03-29 12:38:29.232000+00:00,2023-03-29 12:43:26.058000+00:00,296,62,Kalvskinnet,Kalvskinnsgata/Erling Skakkes gate,63.42792321730192,10.389504432678223,1885,Nova Kino,ved Danielsbakerveita,63.43337733865644,10.401074857528158
2023-03-29 12:44:57.631000+00:00,2023-03-29 12:51:50.340000+00:00,412,109,Torvet II,Utenfor McDonald's,63.430470910132236,10.393931418657303,45,Studentersamfundet,sør for Eddaparken. Operativt betjeningspanel.,63.42185871322338,10.39451614022255
2023-03-29 13:13:59.441000+00:00,2023-03-29 13:35:47.423000+00:00,1307,2258,St. Olavs Hospital,Bak kunnskapssenteret,63.42126270770024,10.386516005020496,65,Strandveikaia,langs Stiklestadveien ved Strandveien,63.44208952370503,10.427939146757126
2023-03-29 13:32:24.351000+00:00,2023-03-29 13:43:40.573000+00:00,676,107,Pirbadet, Ved Havnegata,63.44075835708318,10.402169823646545,51,Skansen, ved kryss Mellomila / Illevollen,63.430403126559675,10.37476971745491
2023-03-29 13:40:28.249000+00:00,2023-03-29 13:49:58.317000+00:00,570,6,Lademoparken,ved kryss Mellomveien / Innherredsveien. Operativt betjeningspanel.,63.43660495943216,10.425844341516495,85,TMV-odden,Solsiden,63.43547778770301,10.410569131581866
2023-03-29 13:41:23.505000+00:00,2023-03-29 13:51:15.282000+00:00,591,9,Brattørkaia,Ved hurtigbåtterminalen. Operativt betjeningspanel.,63.43740318294613,10.39729356765747,21,Bakke bru,Ved holdeplass Bakkegata. Operativt betjeningspanel.,63.432148588449024,10.407380764659592
2023-03-29 13:44:02.505000+00:00,2023-03-29 13:50:33.934000+00:00,391,85,TMV-odden,Solsiden,63.43547778770301,10.410569131581866,65,Strandveikaia,langs Stiklestadveien ved Strandveien,63.44208952370503,10.427939146757126
2023-03-29 13:45:40.131000+00:00,2023-03-29 13:55:17.691000+00:00,577,74,Erling Skakkes gate, Ved Vår Frues gate,63.42889745011402,10.39928913116455,6,Lademoparken,ved kryss Mellomveien / Innherredsveien. Operativt betjeningspanel.,63.43660495943216,10.425844341516495
2023-03-29 13:49:23.614000+00:00,2023-03-29 13:55:14.710000+00:00,351,51,Skansen, ved kryss Mellomila / Illevollen,63.430403126559675,10.37476971745491,126,Leutenhaven,i Repslagerveita mot Prinsens gate. Operativt betjeningspanel.,63.42994558007871,10.391905842869932
2023-03-29 13:56:35.022000+00:00,2023-03-29 14:10:45.287000+00:00,850,86,Lerkendal,  I Strindvegen ved Klæbuveien,63.412525462202666,10.40068656206131,65,Strandveikaia,langs Stiklestadveien ved Strandveien,63.44208952370503,10.427939146757126
2023-03-29 13:59:02.438000+00:00,2023-03-29 14:05:18.649000+00:00,376,1878,Idrettsbygget Gløshaugen,ved Christian Frederiks gate,63.42078238303412,10.404757641464101,74,Erling Skakkes gate, Ved Vår Frues gate,63.42889745011402,10.39928913116455
2023-03-29 14:01:58.030000+00:00,2023-03-29 14:10:17.875000+00:00,499,109,Torvet II,Utenfor McDonald's,63.430470910132236,10.393931418657303,43,Klostergata,Utenfor Coop Prix,63.423087556928024,10.38932740688324
2023-03-29 14:12:09.482000+00:00,2023-03-29 14:17:02.504000+00:00,293,108,Bassengbakken, ved Rosenborgbassenget,63.43592006472795,10.414788275957108,19,Jomfrugateallmenningen,Fjordgata vest,63.434423074986874,10.395468324422836
2023-03-29 14:30:13.068000+00:00,2023-03-29 14:32:11.247000+00:00,118,74,Erling Skakkes gate, Ved Vår Frues gate,63.42889745011402,10.39928913116455,74,Erling Skakkes gate, Ved Vår Frues gate,63.42889745011402,10.39928913116455
2023-03-29 14:32:36.213000+00:00,2023-03-29 14:38:40.748000+00:00,364,74,Erling Skakkes gate, Ved Vår Frues gate,63.42889745011402,10.39928913116455,108,Bassengbakken, ved Rosenborgbassenget,63.43592006472795,10.414788275957108
2023-03-29 14:34:39.714000+00:00,2023-03-29 14:50:30.567000+00:00,950,14,Nidarosdomen,i Bispegata ved Katedralskolen. ,63.427610017040934,10.394511072969863,95,Trikkestallen på Lademoen,langs Mellomveien,63.4387315071045,10.430732667446136
2023-03-29 14:41:56.866000+00:00,2023-03-29 14:46:01.553000+00:00,244,107,Pirbadet, Ved Havnegata,63.44075835708318,10.402169823646545,66,Verftsbrua,Ved Brattørbrua,63.43527713641004,10.405813604593277
2023-03-29 14:45:57.457000+00:00,2023-03-29 14:50:47.617000+00:00,290,148,Fjordgata,Ved 4Sound,63.43483884684911,10.403396522008734,107,Pirbadet, Ved Havnegata,63.44075835708318,10.402169823646545
2023-03-29 15:03:25.203000+00:00,2023-03-29 15:08:32.690000+00:00,307,85,TMV-odden,Solsiden,63.43547778770301,10.410569131581866,19,Jomfrugateallmenningen,Fjordgata vest,63.434423074986874,10.395468324422836
2023-03-29 15:05:07.674000+00:00,2023-03-29 15:11:48.795000+00:00,401,30,St. Olavs gate,Ved trikkeholdeplass,63.431170931099416,10.390283614397049,25,Thornesparken ,I Kirkegata ,63.43289961569575,10.412772931158543
2023-03-29 15:22:47.399000+00:00,2023-03-29 15:29:26.478000+00:00,399,51,Skansen, ved kryss Mellomila / Illevollen,63.430403126559675,10.37476971745491,30,St. Olavs gate,Ved trikkeholdeplass,63.431170931099416,10.390283614397049
2023-03-29 15:46:33.600000+00:00,2023-03-29 15:53:01.446000+00:00,387,28,Kongens gate,Ved Nordre gate,63.43045711348886,10.398100912570953,51,Skansen, ved kryss Mellomila / Illevollen,63.430403126559675,10.37476971745491
2023-03-29 15:47:47.986000+00:00,2023-03-29 15:52:57.717000+00:00,309,107,Pirbadet, Ved Havnegata,63.44075835708318,10.402169823646545,148,Fjordgata,Ved 4Sound,63.43483884684911,10.403396522008734
2023-03-29 15:57:34.571000+00:00,2023-03-29 16:12:43.238000+00:00,908,86,Lerkendal,  I Strindvegen ved Klæbuveien,63.412525462202666,10.40068656206131,128,Lillegårdsbakken,Nederst i Lillegårdsbakken,63.42629161886643,10.404109150403997
2023-03-29 16:01:57.309000+00:00,2023-03-29 16:07:04.625000+00:00,307,20,Nordre gate , Ved Olav Tryggvasons gate,63.433085554043984,10.397391468286514,109,Torvet II,Utenfor McDonald's,63.430470910132236,10.393931418657303
2023-03-29 16:15:08.956000+00:00,2023-03-29 16:24:21.599000+00:00,552,109,Torvet II,Utenfor McDonald's,63.430470910132236,10.393931418657303,86,Lerkendal,  I Strindvegen ved Klæbuveien,63.412525462202666,10.40068656206131
2023-03-29 16:21:26.666000+00:00,2023-03-29 16:25:49.924000+00:00,263,126,Leutenhaven,i Repslagerveita mot Prinsens gate. Operativt betjeningspanel.,63.42994558007871,10.391905842869932,20,Nordre gate , Ved Olav Tryggvasons gate,63.433085554043984,10.397391468286514
2023-03-29 16:22:26.986000+00:00,2023-03-29 16:33:29.915000+00:00,662,51,Skansen, ved kryss Mellomila / Illevollen,63.430403126559675,10.37476971745491,108,Bassengbakken, ved Rosenborgbassenget,63.43592006472795,10.414788275957108
2023-03-29 16:41:46.835000+00:00,2023-03-29 17:38:26.775000+00:00,3399,85,TMV-odden,Solsiden,63.43547778770301,10.410569131581866,1882,Lilleby,i Dakotaparken,63.44178275700753,10.439477124178211
2023-03-29 16:50:32.052000+00:00,2023-03-29 16:56:49.673000+00:00,377,126,Leutenhaven,i Repslagerveita mot Prinsens gate. Operativt betjeningspanel.,63.42994558007871,10.391905842869932,1,Dokkparken,Ved kryss Innherredsveien / Verftsgata. Operativt betjeningspanel.,63.433509009133566,10.411412715911865
2023-03-29 16:59:14.252000+00:00,2023-03-29 17:06:20.001000+00:00,425,25,Thornesparken ,I Kirkegata ,63.43289961569575,10.412772931158543,65,Strandveikaia,langs Stiklestadveien ved Strandveien,63.44208952370503,10.427939146757126
2023-03-29 17:17:43.081000+00:00,2023-03-29 17:27:11.439000+00:00,568,52,Bakklandet,Parkeringsplassen ved Brubakken. Operativt betjeningspanel.,63.427896581278105,10.403341750766884,51,Skansen, ved kryss Mellomila / Illevollen,63.430403126559675,10.37476971745491
2023-03-29 18:11:51.070000+00:00,2023-03-29 18:16:43.224000+00:00,292,51,Skansen, ved kryss Mellomila / Illevollen,63.430403126559675,10.37476971745491,1879,Ilsvika,ved 3T Ilsvika,63.43132548001944,10.357520394276179
2023-03-29 18:29:21.365000+00:00,2023-03-29 18:35:28.724000+00:00,367,126,Leutenhaven,i Repslagerveita mot Prinsens gate. Operativt betjeningspanel.,63.42994558007871,10.391905842869932,51,Skansen, ved kryss Mellomila / Illevollen,63.430403126559675,10.37476971745491
2023-03-29 18:33:53.487000+00:00,2023-03-29 18:40:49.621000+00:00,416,126,Leutenhaven,i Repslagerveita mot Prinsens gate. Operativt betjeningspanel.,63.42994558007871,10.391905842869932,47,Ilaparken,ved Hans Nissens gate,63.429289773431165,10.369248388233245
2023-03-29 19:29:00.395000+00:00,2023-03-29 19:39:57.019000+00:00,656,1882,Lilleby,i Dakotaparken,63.44178275700753,10.439477124178211,52,Bakklandet,Parkeringsplassen ved Brubakken. Operativt betjeningspanel.,63.427896581278105,10.403341750766884
2023-03-29 20:26:36.392000+00:00,2023-03-29 20:31:30.375000+00:00,293,30,St. Olavs gate,Ved trikkeholdeplass,63.431170931099416,10.390283614397049,45,Studentersamfundet,sør for Eddaparken. Operativt betjeningspanel.,63.42185871322338,10.39451614022255
2023-03-30 04:31:18.919000+00:00,2023-03-30 04:46:05.890000+00:00,886,47,Ilaparken,ved Hans Nissens gate,63.429289773431165,10.369248388233245,123,Hesthagen,Ved Klæbuveien ,63.41541842278556,10.399565398693085
2023-03-30 05:06:23.622000+00:00,2023-03-30 05:12:45.699000+00:00,382,1882,Lilleby,i Dakotaparken,63.44178275700753,10.439477124178211,108,Bassengbakken, ved Rosenborgbassenget,63.43592006472795,10.414788275957108
2023-03-30 05:15:12.526000+00:00,2023-03-30 05:17:37.100000+00:00,144,20,Nordre gate , Ved Olav Tryggvasons gate,63.433085554043984,10.397391468286514,28,Kongens gate,Ved Nordre gate,63.43045711348886,10.398100912570953
2023-03-30 05:22:25.974000+00:00,2023-03-30 05:39:48.333000+00:00,1042,65,Strandveikaia,langs Stiklestadveien ved Strandveien,63.44208952370503,10.427939146757126,2258,St. Olavs Hospital,Bak kunnskapssenteret,63.42126270770024,10.386516005020496
2023-03-30 05:26:23.742000+00:00,2023-03-30 05:42:53.466000+00:00,989,51,Skansen, ved kryss Mellomila / Illevollen,63.430403126559675,10.37476971745491,2302,Holtermanns veg 1,"I Prof. Brochs gate, utenfor Skatteetaten",63.414746566093925,10.397386363673064
2023-03-30 05:27:10.630000+00:00,2023-03-30 05:37:14.330000+00:00,603,4,Dalen hageby,Ved Bussholdeplassen,63.43757529885024,10.44872760772705,1885,Nova Kino,ved Danielsbakerveita,63.43337733865644,10.401074857528158
2023-03-30 05:49:52.465000+00:00,2023-03-30 05:54:43.544000+00:00,291,65,Strandveikaia,langs Stiklestadveien ved Strandveien,63.44208952370503,10.427939146757126,85,TMV-odden,Solsiden,63.43547778770301,10.410569131581866
2023-03-30 05:52:35.446000+00:00,2023-03-30 06:02:11.285000+00:00,575,43,Klostergata,Utenfor Coop Prix,63.423087556928024,10.38932740688324,109,Torvet II,Utenfor McDonald's,63.430470910132236,10.393931418657303
2023-03-30 05:58:02.600000+00:00,2023-03-30 06:05:37.036000+00:00,454,62,Kalvskinnet,Kalvskinnsgata/Erling Skakkes gate,63.42792321730192,10.389504432678223,41,Vollabakken, Ved Klostergata,63.42193791751501,10.399257121622668
2023-03-30 06:00:43.132000+00:00,2023-03-30 06:05:27.209000+00:00,284,19,Jomfrugateallmenningen,Fjordgata vest,63.434423074986874,10.395468324422836,108,Bassengbakken, ved Rosenborgbassenget,63.43592006472795,10.414788275957108
2023-03-30 06:02:38.897000+00:00,2023-03-30 06:07:55.316000+00:00,316,85,TMV-odden,Solsiden,63.43547778770301,10.410569131581866,74,Erling Skakkes gate, Ved Vår Frues gate,63.42889745011402,10.39928913116455
2023-03-30 06:08:17.507000+00:00,2023-03-30 06:17:03.293000+00:00,525,1882,Lilleby,i Dakotaparken,63.44178275700753,10.439477124178211,85,TMV-odden,Solsiden,63.43547778770301,10.410569131581866
2023-03-30 06:27:56.657000+00:00,2023-03-30 06:34:23.815000+00:00,387,123,Hesthagen,Ved Klæbuveien ,63.41541842278556,10.399565398693085,74,Erling Skakkes gate, Ved Vår Frues gate,63.42889745011402,10.39928913116455
2023-03-30 06:35:44.022000+00:00,2023-03-30 06:40:42.760000+00:00,298,21,Bakke bru,Ved holdeplass Bakkegata. Operativt betjeningspanel.,63.432148588449024,10.407380764659592,30,St. Olavs gate,Ved trikkeholdeplass,63.431170931099416,10.390283614397049
2023-03-30 06:52:19.907000+00:00,2023-03-30 07:23:49.309000+00:00,1889,62,Kalvskinnet,Kalvskinnsgata/Erling Skakkes gate,63.42792321730192,10.389504432678223,41,Vollabakken, Ved Klostergata,63.42193791751501,10.399257121622668
2023-03-30 06:58:44.715000+00:00,2023-03-30 07:01:59.259000+00:00,194,126,Leutenhaven,i Repslagerveita mot Prinsens gate. Operativt betjeningspanel.,63.42994558007871,10.391905842869932,1885,Nova Kino,ved Danielsbakerveita,63.43337733865644,10.401074857528158
2023-03-30 07:08:25.581000+00:00,2023-03-30 07:13:23.112000+00:00,297,128,Lillegårdsbakken,Nederst i Lillegårdsbakken,63.42629161886643,10.404109150403997,1885,Nova Kino,ved Danielsbakerveita,63.43337733865644,10.401074857528158
2023-03-30 07:09:40.849000+00:00,2023-03-30 07:23:40.340000+00:00,839,65,Strandveikaia,langs Stiklestadveien ved Strandveien,63.44208952370503,10.427939146757126,126,Leutenhaven,i Repslagerveita mot Prinsens gate. Operativt betjeningspanel.,63.42994558007871,10.391905842869932
2023-03-30 07:13:15.113000+00:00,2023-03-30 07:22:32.030000+00:00,556,118,Abels gate,Ved Udbyes gate,63.41614341778847,10.396314561367035,62,Kalvskinnet,Kalvskinnsgata/Erling Skakkes gate,63.42792321730192,10.389504432678223
2023-03-30 07:15:22.317000+00:00,2023-03-30 07:29:27.362000+00:00,845,108,Bassengbakken, ved Rosenborgbassenget,63.43592006472795,10.414788275957108,51,Skansen, ved kryss Mellomila / Illevollen,63.430403126559675,10.37476971745491
2023-03-30 07:50:32.891000+00:00,2023-03-30 07:55:58.935000+00:00,326,51,Skansen, ved kryss Mellomila / Illevollen,63.430403126559675,10.37476971745491,126,Leutenhaven,i Repslagerveita mot Prinsens gate. Operativt betjeningspanel.,63.42994558007871,10.391905842869932
2023-03-30 08:34:39.977000+00:00,2023-03-30 08:42:20.579000+00:00,460,2301,Rosendal,I krysset Gamle Kongevei x Frostaveien,63.436025749373755,10.430998463879718,1885,Nova Kino,ved Danielsbakerveita,63.43337733865644,10.401074857528158
2023-03-30 09:11:37.839000+00:00,2023-03-30 09:19:48.892000+00:00,491,19,Jomfrugateallmenningen,Fjordgata vest,63.434423074986874,10.395468324422836,47,Ilaparken,ved Hans Nissens gate,63.429289773431165,10.369248388233245
2023-03-30 09:44:53.676000+00:00,2023-03-30 09:48:07.331000+00:00,193,66,Verftsbrua,Ved Brattørbrua,63.43527713641004,10.405813604593277,21,Bakke bru,Ved holdeplass Bakkegata. Operativt betjeningspanel.,63.432148588449024,10.407380764659592
2023-03-30 10:09:25.657000+00:00,2023-03-30 10:13:57.563000+00:00,271,21,Bakke bru,Ved holdeplass Bakkegata. Operativt betjeningspanel.,63.432148588449024,10.407380764659592,66,Verftsbrua,Ved Brattørbrua,63.43527713641004,10.405813604593277
2023-03-30 10:11:37.364000+00:00,2023-03-30 10:19:06.585000+00:00,449,47,Ilaparken,ved Hans Nissens gate,63.429289773431165,10.369248388233245,19,Jomfrugateallmenningen,Fjordgata vest,63.434423074986874,10.395468324422836
2023-03-30 10:12:24.144000+00:00,2023-03-30 10:20:23.674000+00:00,479,51,Skansen, ved kryss Mellomila / Illevollen,63.430403126559675,10.37476971745491,20,Nordre gate , Ved Olav Tryggvasons gate,63.433085554043984,10.397391468286514
2023-03-30 11:13:54.359000+00:00,2023-03-30 11:21:02.361000+00:00,428,74,Erling Skakkes gate, Ved Vår Frues gate,63.42889745011402,10.39928913116455,108,Bassengbakken, ved Rosenborgbassenget,63.43592006472795,10.414788275957108
2023-03-30 11:50:20.938000+00:00,2023-03-30 11:55:48.724000+00:00,327,66,Verftsbrua,Ved Brattørbrua,63.43527713641004,10.405813604593277,92,Dora I, Ved Byarkivet,63.43853720980968,10.419105291366577
2023-03-30 12:19:41.593000+00:00,2023-03-30 12:28:44.149000+00:00,542,2301,Rosendal,I krysset Gamle Kongevei x Frostaveien,63.436025749373755,10.430998463879718,107,Pirbadet, Ved Havnegata,63.44075835708318,10.402169823646545
2023-03-30 12:22:27.568000+00:00,2023-03-30 13:07:40.956000+00:00,2713,95,Trikkestallen på Lademoen,langs Mellomveien,63.4387315071045,10.430732667446136,85,TMV-odden,Solsiden,63.43547778770301,10.410569131581866
2023-03-30 12:22:28.089000+00:00,2023-03-30 13:07:40.256000+00:00,2712,95,Trikkestallen på Lademoen,langs Mellomveien,63.4387315071045,10.430732667446136,85,TMV-odden,Solsiden,63.43547778770301,10.410569131581866
2023-03-30 12:43:30.009000+00:00,2023-03-30 13:01:14.384000+00:00,1064,109,Torvet II,Utenfor McDonald's,63.430470910132236,10.393931418657303,148,Fjordgata,Ved 4Sound,63.43483884684911,10.403396522008734
2023-03-30 13:09:13.713000+00:00,2023-03-30 13:29:48.192000+00:00,1234,14,Nidarosdomen,i Bispegata ved Katedralskolen. ,63.427610017040934,10.394511072969863,1882,Lilleby,i Dakotaparken,63.44178275700753,10.439477124178211
2023-03-30 13:10:38.752000+00:00,2023-03-30 13:15:21.739000+00:00,282,126,Leutenhaven,i Repslagerveita mot Prinsens gate. Operativt betjeningspanel.,63.42994558007871,10.391905842869932,51,Skansen, ved kryss Mellomila / Illevollen,63.430403126559675,10.37476971745491
2023-03-30 13:11:53.364000+00:00,2023-03-30 13:19:18.716000+00:00,445,85,TMV-odden,Solsiden,63.43547778770301,10.410569131581866,65,Strandveikaia,langs Stiklestadveien ved Strandveien,63.44208952370503,10.427939146757126
2023-03-30 13:16:13.597000+00:00,2023-03-30 13:37:44.147000+00:00,1290,51,Skansen, ved kryss Mellomila / Illevollen,63.430403126559675,10.37476971745491,108,Bassengbakken, ved Rosenborgbassenget,63.43592006472795,10.414788275957108
2023-03-30 13:24:19.792000+00:00,2023-03-30 13:39:15.950000+00:00,896,123,Hesthagen,Ved Klæbuveien ,63.41541842278556,10.399565398693085,76,Ilevollen,ved Osloveien,63.42907021700727,10.37181057035923
2023-03-30 13:27:25.835000+00:00,2023-03-30 13:42:16.269000+00:00,890,45,Studentersamfundet,sør for Eddaparken. Operativt betjeningspanel.,63.42185871322338,10.39451614022255,65,Strandveikaia,langs Stiklestadveien ved Strandveien,63.44208952370503,10.427939146757126
2023-03-30 13:49:15.264000+00:00,2023-03-30 13:56:13.082000+00:00,417,109,Torvet II,Utenfor McDonald's,63.430470910132236,10.393931418657303,43,Klostergata,Utenfor Coop Prix,63.423087556928024,10.38932740688324
2023-03-30 13:57:14.411000+00:00,2023-03-30 13:59:20.694000+00:00,126,28,Kongens gate,Ved Nordre gate,63.43045711348886,10.398100912570953,20,Nordre gate , Ved Olav Tryggvasons gate,63.433085554043984,10.397391468286514
2023-03-30 14:12:06.004000+00:00,2023-03-30 14:19:11.323000+00:00,425,133,Høyskoleringen,ved bussholdeplass Gløshaugen. Operativt betjeningspanel.,63.41690080192888,10.406886488199234,62,Kalvskinnet,Kalvskinnsgata/Erling Skakkes gate,63.42792321730192,10.389504432678223
2023-03-30 14:15:50.604000+00:00,2023-03-30 14:22:09.050000+00:00,378,123,Hesthagen,Ved Klæbuveien ,63.41541842278556,10.399565398693085,52,Bakklandet,Parkeringsplassen ved Brubakken. Operativt betjeningspanel.,63.427896581278105,10.403341750766884
2023-03-30 14:20:39.113000+00:00,2023-03-30 14:25:12.805000+00:00,273,1885,Nova Kino,ved Danielsbakerveita,63.43337733865644,10.401074857528158,128,Lillegårdsbakken,Nederst i Lillegårdsbakken,63.42629161886643,10.404109150403997
2023-03-30 14:22:45.080000+00:00,2023-03-30 14:32:19.203000+00:00,574,108,Bassengbakken, ved Rosenborgbassenget,63.43592006472795,10.414788275957108,51,Skansen, ved kryss Mellomila / Illevollen,63.430403126559675,10.37476971745491
2023-03-30 14:23:41.790000+00:00,2023-03-30 14:28:46.415000+00:00,304,85,TMV-odden,Solsiden,63.43547778770301,10.410569131581866,19,Jomfrugateallmenningen,Fjordgata vest,63.434423074986874,10.395468324422836
2023-03-30 14:30:13.814000+00:00,2023-03-30 14:35:21.469000+00:00,307,108,Bassengbakken, ved Rosenborgbassenget,63.43592006472795,10.414788275957108,19,Jomfrugateallmenningen,Fjordgata vest,63.434423074986874,10.395468324422836
2023-03-30 14:34:38.789000+00:00,2023-03-30 14:42:40.916000+00:00,482,133,Høyskoleringen,ved bussholdeplass Gløshaugen. Operativt betjeningspanel.,63.41690080192888,10.406886488199234,109,Torvet II,Utenfor McDonald's,63.430470910132236,10.393931418657303
2023-03-30 14:38:45.422000+00:00,2023-03-30 14:46:34.494000+00:00,469,133,Høyskoleringen,ved bussholdeplass Gløshaugen. Operativt betjeningspanel.,63.41690080192888,10.406886488199234,62,Kalvskinnet,Kalvskinnsgata/Erling Skakkes gate,63.42792321730192,10.389504432678223
2023-03-30 15:01:05.255000+00:00,2023-03-30 15:04:24.265000+00:00,199,109,Torvet II,Utenfor McDonald's,63.430470910132236,10.393931418657303,52,Bakklandet,Parkeringsplassen ved Brubakken. Operativt betjeningspanel.,63.427896581278105,10.403341750766884
2023-03-30 15:04:05.221000+00:00,2023-03-30 15:10:41.568000+00:00,396,85,TMV-odden,Solsiden,63.43547778770301,10.410569131581866,2301,Rosendal,I krysset Gamle Kongevei x Frostaveien,63.436025749373755,10.430998463879718
2023-03-30 15:05:58.087000+00:00,2023-03-30 15:12:26.418000+00:00,388,28,Kongens gate,Ved Nordre gate,63.43045711348886,10.398100912570953,18,Møllenberg,langs Innherredsveien ved Kirkegata,63.4358846800558,10.419401004910469
2023-03-30 15:13:48.891000+00:00,2023-03-30 15:22:54.011000+00:00,545,51,Skansen, ved kryss Mellomila / Illevollen,63.430403126559675,10.37476971745491,85,TMV-odden,Solsiden,63.43547778770301,10.410569131581866
2023-03-30 15:18:11.946000+00:00,2023-03-30 15:23:35.676000+00:00,323,85,TMV-odden,Solsiden,63.43547778770301,10.410569131581866,65,Strandveikaia,langs Stiklestadveien ved Strandveien,63.44208952370503,10.427939146757126
2023-03-30 15:31:20.505000+00:00,2023-03-30 15:35:46.087000+00:00,265,65,Strandveikaia,langs Stiklestadveien ved Strandveien,63.44208952370503,10.427939146757126,85,TMV-odden,Solsiden,63.43547778770301,10.410569131581866
2023-03-30 15:38:38.104000+00:00,2023-03-30 15:49:18.264000+00:00,640,52,Bakklandet,Parkeringsplassen ved Brubakken. Operativt betjeningspanel.,63.427896581278105,10.403341750766884,107,Pirbadet, Ved Havnegata,63.44075835708318,10.402169823646545
2023-03-30 15:44:16.920000+00:00,2023-03-30 15:48:38.538000+00:00,261,108,Bassengbakken, ved Rosenborgbassenget,63.43592006472795,10.414788275957108,65,Strandveikaia,langs Stiklestadveien ved Strandveien,63.44208952370503,10.427939146757126
2023-03-30 16:01:13.939000+00:00,2023-03-30 16:31:56.996000+00:00,1843,1882,Lilleby,i Dakotaparken,63.44178275700753,10.439477124178211,1884,Lade Idrettsanlegg øst,ved Haakon VII's gate,63.44392020314541,10.450038946779586
2023-03-30 16:01:29.421000+00:00,2023-03-30 16:32:04.118000+00:00,1834,1882,Lilleby,i Dakotaparken,63.44178275700753,10.439477124178211,1884,Lade Idrettsanlegg øst,ved Haakon VII's gate,63.44392020314541,10.450038946779586
2023-03-30 16:15:43.223000+00:00,2023-03-30 16:23:59.553000+00:00,496,28,Kongens gate,Ved Nordre gate,63.43045711348886,10.398100912570953,1879,Ilsvika,ved 3T Ilsvika,63.43132548001944,10.357520394276179
2023-03-30 16:27:25.516000+00:00,2023-03-30 16:42:57.080000+00:00,931,21,Bakke bru,Ved holdeplass Bakkegata. Operativt betjeningspanel.,63.432148588449024,10.407380764659592,1883,Baldershage,ved Kong Øysteins veg,63.43032895814139,10.453960590206151
2023-03-30 16:38:28.669000+00:00,2023-03-30 16:40:32.504000+00:00,123,95,Trikkestallen på Lademoen,langs Mellomveien,63.4387315071045,10.430732667446136,95,Trikkestallen på Lademoen,langs Mellomveien,63.4387315071045,10.430732667446136
2023-03-30 16:39:08.013000+00:00,2023-03-30 16:46:38.289000+00:00,450,95,Trikkestallen på Lademoen,langs Mellomveien,63.4387315071045,10.430732667446136,85,TMV-odden,Solsiden,63.43547778770301,10.410569131581866
2023-03-30 16:52:54.226000+00:00,2023-03-30 16:59:19.224000+00:00,384,76,Ilevollen,ved Osloveien,63.42907021700727,10.37181057035923,126,Leutenhaven,i Repslagerveita mot Prinsens gate. Operativt betjeningspanel.,63.42994558007871,10.391905842869932
2023-03-30 16:52:59.985000+00:00,2023-03-30 17:07:22.655000+00:00,862,51,Skansen, ved kryss Mellomila / Illevollen,63.430403126559675,10.37476971745491,85,TMV-odden,Solsiden,63.43547778770301,10.410569131581866
2023-03-30 16:54:25.869000+00:00,2023-03-30 17:10:32.245000+00:00,966,97,Håkon VIIs gate 8-10,Ved Burgerking,63.440766667542505,10.45927620210125,1882,Lilleby,i Dakotaparken,63.44178275700753,10.439477124178211
2023-03-30 16:56:04.069000+00:00,2023-03-30 17:01:29.920000+00:00,325,45,Studentersamfundet,sør for Eddaparken. Operativt betjeningspanel.,63.42185871322338,10.39451614022255,126,Leutenhaven,i Repslagerveita mot Prinsens gate. Operativt betjeningspanel.,63.42994558007871,10.391905842869932
2023-03-30 17:00:13.123000+00:00,2023-03-30 17:08:10.563000+00:00,477,14,Nidarosdomen,i Bispegata ved Katedralskolen. ,63.427610017040934,10.394511072969863,123,Hesthagen,Ved Klæbuveien ,63.41541842278556,10.399565398693085
2023-03-30 17:09:02.138000+00:00,2023-03-30 17:19:23.697000+00:00,621,85,TMV-odden,Solsiden,63.43547778770301,10.410569131581866,1882,Lilleby,i Dakotaparken,63.44178275700753,10.439477124178211
2023-03-30 17:13:54.789000+00:00,2023-03-30 17:19:29.129000+00:00,334,126,Leutenhaven,i Repslagerveita mot Prinsens gate. Operativt betjeningspanel.,63.42994558007871,10.391905842869932,1885,Nova Kino,ved Danielsbakerveita,63.43337733865644,10.401074857528158
2023-03-30 17:19:28.231000+00:00,2023-03-30 17:29:44.912000+00:00,616,51,Skansen, ved kryss Mellomila / Illevollen,63.430403126559675,10.37476971745491,108,Bassengbakken, ved Rosenborgbassenget,63.43592006472795,10.414788275957108
2023-03-30 17:48:26.097000+00:00,2023-03-30 17:54:12.888000+00:00,346,19,Jomfrugateallmenningen,Fjordgata vest,63.434423074986874,10.395468324422836,30,St. Olavs gate,Ved trikkeholdeplass,63.431170931099416,10.390283614397049
2023-03-30 17:51:55.819000+00:00,2023-03-30 17:53:13.842000+00:00,78,65,Strandveikaia,langs Stiklestadveien ved Strandveien,63.44208952370503,10.427939146757126,65,Strandveikaia,langs Stiklestadveien ved Strandveien,63.44208952370503,10.427939146757126
2023-03-30 18:05:39.033000+00:00,2023-03-30 18:18:02.483000+00:00,743,1885,Nova Kino,ved Danielsbakerveita,63.43337733865644,10.401074857528158,45,Studentersamfundet,sør for Eddaparken. Operativt betjeningspanel.,63.42185871322338,10.39451614022255
2023-03-30 18:20:13.013000+00:00,2023-03-30 18:31:39.531000+00:00,686,107,Pirbadet, Ved Havnegata,63.44075835708318,10.402169823646545,52,Bakklandet,Parkeringsplassen ved Brubakken. Operativt betjeningspanel.,63.427896581278105,10.403341750766884
2023-03-30 18:21:17.739000+00:00,2023-03-30 18:29:21.298000+00:00,483,85,TMV-odden,Solsiden,63.43547778770301,10.410569131581866,51,Skansen, ved kryss Mellomila / Illevollen,63.430403126559675,10.37476971745491
2023-03-30 18:59:09.838000+00:00,2023-03-30 19:06:47.131000+00:00,457,85,TMV-odden,Solsiden,63.43547778770301,10.410569131581866,52,Bakklandet,Parkeringsplassen ved Brubakken. Operativt betjeningspanel.,63.427896581278105,10.403341750766884
2023-03-30 18:59:24.774000+00:00,2023-03-30 19:06:27.626000+00:00,422,85,TMV-odden,Solsiden,63.43547778770301,10.410569131581866,52,Bakklandet,Parkeringsplassen ved Brubakken. Operativt betjeningspanel.,63.427896581278105,10.403341750766884
2023-03-30 19:00:02.414000+00:00,2023-03-30 19:06:28.465000+00:00,386,85,TMV-odden,Solsiden,63.43547778770301,10.410569131581866,52,Bakklandet,Parkeringsplassen ved Brubakken. Operativt betjeningspanel.,63.427896581278105,10.403341750766884
2023-03-30 19:21:33.860000+00:00,2023-03-30 19:29:07.027000+00:00,453,62,Kalvskinnet,Kalvskinnsgata/Erling Skakkes gate,63.42792321730192,10.389504432678223,21,Bakke bru,Ved holdeplass Bakkegata. Operativt betjeningspanel.,63.432148588449024,10.407380764659592
2023-03-30 19:44:48.123000+00:00,2023-03-30 20:05:38.240000+00:00,1250,20,Nordre gate , Ved Olav Tryggvasons gate,63.433085554043984,10.397391468286514,47,Ilaparken,ved Hans Nissens gate,63.429289773431165,10.369248388233245
2023-03-30 20:20:19.194000+00:00,2023-03-30 20:22:15.653000+00:00,116,45,Studentersamfundet,sør for Eddaparken. Operativt betjeningspanel.,63.42185871322338,10.39451614022255,43,Klostergata,Utenfor Coop Prix,63.423087556928024,10.38932740688324
2023-03-30 20:24:54.452000+00:00,2023-03-30 20:40:05.868000+00:00,911,86,Lerkendal,  I Strindvegen ved Klæbuveien,63.412525462202666,10.40068656206131,86,Lerkendal,  I Strindvegen ved Klæbuveien,63.412525462202666,10.40068656206131
2023-03-30 20:25:23.645000+00:00,2023-03-30 20:27:40.840000+00:00,137,43,Klostergata,Utenfor Coop Prix,63.423087556928024,10.38932740688324,45,Studentersamfundet,sør for Eddaparken. Operativt betjeningspanel.,63.42185871322338,10.39451614022255
2023-03-31 04:02:27.881000+00:00,2023-03-31 04:09:30.686000+00:00,422,52,Bakklandet,Parkeringsplassen ved Brubakken. Operativt betjeningspanel.,63.427896581278105,10.403341750766884,9,Brattørkaia,Ved hurtigbåtterminalen. Operativt betjeningspanel.,63.43740318294613,10.39729356765747
2023-03-31 04:29:26.155000+00:00,2023-03-31 04:46:11.028000+00:00,1004,47,Ilaparken,ved Hans Nissens gate,63.429289773431165,10.369248388233245,123,Hesthagen,Ved Klæbuveien ,63.41541842278556,10.399565398693085
2023-03-31 04:34:59.239000+00:00,2023-03-31 04:47:55.211000+00:00,775,1879,Ilsvika,ved 3T Ilsvika,63.43132548001944,10.357520394276179,28,Kongens gate,Ved Nordre gate,63.43045711348886,10.398100912570953
2023-03-31 05:08:05.670000+00:00,2023-03-31 05:16:05.727000+00:00,480,6,Lademoparken,ved kryss Mellomveien / Innherredsveien. Operativt betjeningspanel.,63.43660495943216,10.425844341516495,66,Verftsbrua,Ved Brattørbrua,63.43527713641004,10.405813604593277
2023-03-31 05:09:14.339000+00:00,2023-03-31 05:15:28.992000+00:00,374,1882,Lilleby,i Dakotaparken,63.44178275700753,10.439477124178211,108,Bassengbakken, ved Rosenborgbassenget,63.43592006472795,10.414788275957108
2023-03-31 05:17:20.951000+00:00,2023-03-31 05:19:55.225000+00:00,154,20,Nordre gate , Ved Olav Tryggvasons gate,63.433085554043984,10.397391468286514,28,Kongens gate,Ved Nordre gate,63.43045711348886,10.398100912570953
2023-03-31 05:37:26.512000+00:00,2023-03-31 05:50:58.291000+00:00,811,51,Skansen, ved kryss Mellomila / Illevollen,63.430403126559675,10.37476971745491,118,Abels gate,Ved Udbyes gate,63.41614341778847,10.396314561367035
2023-03-31 05:39:24.734000+00:00,2023-03-31 05:49:45.905000+00:00,621,43,Klostergata,Utenfor Coop Prix,63.423087556928024,10.38932740688324,109,Torvet II,Utenfor McDonald's,63.430470910132236,10.393931418657303
2023-03-31 05:58:17.197000+00:00,2023-03-31 06:05:56.501000+00:00,459,18,Møllenberg,langs Innherredsveien ved Kirkegata,63.4358846800558,10.419401004910469,74,Erling Skakkes gate, Ved Vår Frues gate,63.42889745011402,10.39928913116455
2023-03-31 06:04:07.635000+00:00,2023-03-31 06:12:47.497000+00:00,519,30,St. Olavs gate,Ved trikkeholdeplass,63.431170931099416,10.390283614397049,107,Pirbadet, Ved Havnegata,63.44075835708318,10.402169823646545
2023-03-31 06:16:40.021000+00:00,2023-03-31 06:21:05.431000+00:00,265,19,Jomfrugateallmenningen,Fjordgata vest,63.434423074986874,10.395468324422836,108,Bassengbakken, ved Rosenborgbassenget,63.43592006472795,10.414788275957108
2023-03-31 06:23:00.306000+00:00,2023-03-31 06:31:54.160000+00:00,533,62,Kalvskinnet,Kalvskinnsgata/Erling Skakkes gate,63.42792321730192,10.389504432678223,133,Høyskoleringen,ved bussholdeplass Gløshaugen. Operativt betjeningspanel.,63.41690080192888,10.406886488199234
2023-03-31 06:36:19.827000+00:00,2023-03-31 06:41:09.127000+00:00,289,21,Bakke bru,Ved holdeplass Bakkegata. Operativt betjeningspanel.,63.432148588449024,10.407380764659592,30,St. Olavs gate,Ved trikkeholdeplass,63.431170931099416,10.390283614397049
2023-03-31 06:44:01.449000+00:00,2023-03-31 06:54:39.880000+00:00,638,108,Bassengbakken, ved Rosenborgbassenget,63.43592006472795,10.414788275957108,51,Skansen, ved kryss Mellomila / Illevollen,63.430403126559675,10.37476971745491
2023-03-31 06:53:37.021000+00:00,2023-03-31 07:01:21.310000+00:00,464,86,Lerkendal,  I Strindvegen ved Klæbuveien,63.412525462202666,10.40068656206131,74,Erling Skakkes gate, Ved Vår Frues gate,63.42889745011402,10.39928913116455
2023-03-31 06:56:46.760000+00:00,2023-03-31 07:01:13.782000+00:00,267,45,Studentersamfundet,sør for Eddaparken. Operativt betjeningspanel.,63.42185871322338,10.39451614022255,62,Kalvskinnet,Kalvskinnsgata/Erling Skakkes gate,63.42792321730192,10.389504432678223
2023-03-31 07:03:19.539000+00:00,2023-03-31 07:08:35.284000+00:00,315,19,Jomfrugateallmenningen,Fjordgata vest,63.434423074986874,10.395468324422836,85,TMV-odden,Solsiden,63.43547778770301,10.410569131581866
2023-03-31 07:43:19.666000+00:00,2023-03-31 07:47:59.055000+00:00,279,51,Skansen, ved kryss Mellomila / Illevollen,63.430403126559675,10.37476971745491,30,St. Olavs gate,Ved trikkeholdeplass,63.431170931099416,10.390283614397049
2023-03-31 07:48:58.318000+00:00,2023-03-31 07:58:17.701000+00:00,559,128,Lillegårdsbakken,Nederst i Lillegårdsbakken,63.42629161886643,10.404109150403997,86,Lerkendal,  I Strindvegen ved Klæbuveien,63.412525462202666,10.40068656206131
2023-03-31 08:00:30.487000+00:00,2023-03-31 08:09:16.211000+00:00,525,85,TMV-odden,Solsiden,63.43547778770301,10.410569131581866,30,St. Olavs gate,Ved trikkeholdeplass,63.431170931099416,10.390283614397049
2023-03-31 08:16:59.038000+00:00,2023-03-31 08:32:02.186000+00:00,903,92,Dora I, Ved Byarkivet,63.43853720980968,10.419105291366577,126,Leutenhaven,i Repslagerveita mot Prinsens gate. Operativt betjeningspanel.,63.42994558007871,10.391905842869932
2023-03-31 08:28:40.193000+00:00,2023-03-31 08:35:55.714000+00:00,435,2301,Rosendal,I krysset Gamle Kongevei x Frostaveien,63.436025749373755,10.430998463879718,1885,Nova Kino,ved Danielsbakerveita,63.43337733865644,10.401074857528158
2023-03-31 08:29:48.979000+00:00,2023-03-31 08:41:28.944000+00:00,699,43,Klostergata,Utenfor Coop Prix,63.423087556928024,10.38932740688324,20,Nordre gate , Ved Olav Tryggvasons gate,63.433085554043984,10.397391468286514
2023-03-31 08:58:32.036000+00:00,2023-03-31 09:09:04.604000+00:00,632,126,Leutenhaven,i Repslagerveita mot Prinsens gate. Operativt betjeningspanel.,63.42994558007871,10.391905842869932,65,Strandveikaia,langs Stiklestadveien ved Strandveien,63.44208952370503,10.427939146757126
2023-03-31 09:10:36.609000+00:00,2023-03-31 10:10:02.228000+00:00,3565,66,Verftsbrua,Ved Brattørbrua,63.43527713641004,10.405813604593277,107,Pirbadet, Ved Havnegata,63.44075835708318,10.402169823646545
2023-03-31 09:15:13.210000+00:00,2023-03-31 09:28:27.878000+00:00,794,123,Hesthagen,Ved Klæbuveien ,63.41541842278556,10.399565398693085,1885,Nova Kino,ved Danielsbakerveita,63.43337733865644,10.401074857528158
2023-03-31 09:16:34.079000+00:00,2023-03-31 09:23:43.812000+00:00,429,21,Bakke bru,Ved holdeplass Bakkegata. Operativt betjeningspanel.,63.432148588449024,10.407380764659592,107,Pirbadet, Ved Havnegata,63.44075835708318,10.402169823646545
2023-03-31 09:31:27.140000+00:00,2023-03-31 10:09:43.790000+00:00,2296,1885,Nova Kino,ved Danielsbakerveita,63.43337733865644,10.401074857528158,107,Pirbadet, Ved Havnegata,63.44075835708318,10.402169823646545
2023-03-31 09:58:54.493000+00:00,2023-03-31 10:15:48.860000+00:00,1014,2301,Rosendal,I krysset Gamle Kongevei x Frostaveien,63.436025749373755,10.430998463879718,133,Høyskoleringen,ved bussholdeplass Gløshaugen. Operativt betjeningspanel.,63.41690080192888,10.406886488199234
2023-03-31 10:08:18.908000+00:00,2023-03-31 10:17:51.067000+00:00,572,74,Erling Skakkes gate, Ved Vår Frues gate,63.42889745011402,10.39928913116455,1878,Idrettsbygget Gløshaugen,ved Christian Frederiks gate,63.42078238303412,10.404757641464101
2023-03-31 10:12:51.278000+00:00,2023-03-31 10:19:36.072000+00:00,404,97,Håkon VIIs gate 8-10,Ved Burgerking,63.440766667542505,10.45927620210125,1883,Baldershage,ved Kong Øysteins veg,63.43032895814139,10.453960590206151
2023-03-31 10:50:19.918000+00:00,2023-03-31 11:09:35.872000+00:00,1155,28,Kongens gate,Ved Nordre gate,63.43045711348886,10.398100912570953,51,Skansen, ved kryss Mellomila / Illevollen,63.430403126559675,10.37476971745491
2023-03-31 10:54:51.078000+00:00,2023-03-31 11:02:06.446000+00:00,435,43,Klostergata,Utenfor Coop Prix,63.423087556928024,10.38932740688324,62,Kalvskinnet,Kalvskinnsgata/Erling Skakkes gate,63.42792321730192,10.389504432678223
2023-03-31 11:01:37.947000+00:00,2023-03-31 11:05:01.542000+00:00,203,20,Nordre gate , Ved Olav Tryggvasons gate,63.433085554043984,10.397391468286514,109,Torvet II,Utenfor McDonald's,63.430470910132236,10.393931418657303
2023-03-31 11:11:25.084000+00:00,2023-03-31 11:20:26.912000+00:00,541,109,Torvet II,Utenfor McDonald's,63.430470910132236,10.393931418657303,31,Tollboden ,ved rundkjøring Havnegata,63.43928560696555,10.40479302406311
2023-03-31 11:22:54.720000+00:00,2023-03-31 11:29:06.438000+00:00,371,85,TMV-odden,Solsiden,63.43547778770301,10.410569131581866,19,Jomfrugateallmenningen,Fjordgata vest,63.434423074986874,10.395468324422836
2023-03-31 11:24:36.774000+00:00,2023-03-31 11:34:42.821000+00:00,606,108,Bassengbakken, ved Rosenborgbassenget,63.43592006472795,10.414788275957108,1882,Lilleby,i Dakotaparken,63.44178275700753,10.439477124178211
2023-03-31 11:28:51.252000+00:00,2023-03-31 12:58:15.435000+00:00,5364,21,Bakke bru,Ved holdeplass Bakkegata. Operativt betjeningspanel.,63.432148588449024,10.407380764659592,28,Kongens gate,Ved Nordre gate,63.43045711348886,10.398100912570953
2023-03-31 11:43:10.278000+00:00,2023-03-31 11:50:27.440000+00:00,437,51,Skansen, ved kryss Mellomila / Illevollen,63.430403126559675,10.37476971745491,148,Fjordgata,Ved 4Sound,63.43483884684911,10.403396522008734
2023-03-31 11:46:45.267000+00:00,2023-03-31 12:04:40.361000+00:00,1075,1882,Lilleby,i Dakotaparken,63.44178275700753,10.439477124178211,41,Vollabakken, Ved Klostergata,63.42193791751501,10.399257121622668
2023-03-31 11:51:20.164000+00:00,2023-03-31 11:58:07.389000+00:00,407,1878,Idrettsbygget Gløshaugen,ved Christian Frederiks gate,63.42078238303412,10.404757641464101,74,Erling Skakkes gate, Ved Vår Frues gate,63.42889745011402,10.39928913116455
2023-03-31 12:01:40.319000+00:00,2023-03-31 12:05:54.826000+00:00,254,126,Leutenhaven,i Repslagerveita mot Prinsens gate. Operativt betjeningspanel.,63.42994558007871,10.391905842869932,1885,Nova Kino,ved Danielsbakerveita,63.43337733865644,10.401074857528158
2023-03-31 12:46:01.368000+00:00,2023-03-31 12:53:02.901000+00:00,421,20,Nordre gate , Ved Olav Tryggvasons gate,63.433085554043984,10.397391468286514,108,Bassengbakken, ved Rosenborgbassenget,63.43592006472795,10.414788275957108
2023-03-31 13:12:35.228000+00:00,2023-03-31 13:35:20.481000+00:00,1365,65,Strandveikaia,langs Stiklestadveien ved Strandveien,63.44208952370503,10.427939146757126,28,Kongens gate,Ved Nordre gate,63.43045711348886,10.398100912570953
2023-03-31 13:22:43.778000+00:00,2023-03-31 13:28:49.089000+00:00,365,126,Leutenhaven,i Repslagerveita mot Prinsens gate. Operativt betjeningspanel.,63.42994558007871,10.391905842869932,51,Skansen, ved kryss Mellomila / Illevollen,63.430403126559675,10.37476971745491
2023-03-31 13:25:17.281000+00:00,2023-03-31 13:30:59.838000+00:00,342,30,St. Olavs gate,Ved trikkeholdeplass,63.431170931099416,10.390283614397049,51,Skansen, ved kryss Mellomila / Illevollen,63.430403126559675,10.37476971745491
2023-03-31 13:30:09.667000+00:00,2023-03-31 13:36:12.108000+00:00,362,9,Brattørkaia,Ved hurtigbåtterminalen. Operativt betjeningspanel.,63.43740318294613,10.39729356765747,51,Skansen, ved kryss Mellomila / Illevollen,63.430403126559675,10.37476971745491
2023-03-31 13:31:53.988000+00:00,2023-03-31 13:38:53.428000+00:00,419,109,Torvet II,Utenfor McDonald's,63.430470910132236,10.393931418657303,43,Klostergata,Utenfor Coop Prix,63.423087556928024,10.38932740688324
2023-03-31 13:35:34.239000+00:00,2023-03-31 13:45:04.450000+00:00,570,107,Pirbadet, Ved Havnegata,63.44075835708318,10.402169823646545,6,Lademoparken,ved kryss Mellomveien / Innherredsveien. Operativt betjeningspanel.,63.43660495943216,10.425844341516495
2023-03-31 13:52:45.973000+00:00,2023-03-31 14:00:15.459000+00:00,449,1881,Sluppen,ved Sluppenvegen 25,63.39840743943492,10.397326759331094,10,Sorgenfri,ved Sorgenfriveien 13-15,63.40489658467209,10.399461013433495
2023-03-31 14:01:48.200000+00:00,2023-03-31 14:10:41.096000+00:00,532,20,Nordre gate , Ved Olav Tryggvasons gate,63.433085554043984,10.397391468286514,65,Strandveikaia,langs Stiklestadveien ved Strandveien,63.44208952370503,10.427939146757126
2023-03-31 14:04:55.720000+00:00,2023-03-31 14:09:59.095000+00:00,303,9,Brattørkaia,Ved hurtigbåtterminalen. Operativt betjeningspanel.,63.43740318294613,10.39729356765747,51,Skansen, ved kryss Mellomila / Illevollen,63.430403126559675,10.37476971745491
2023-03-31 14:05:53.804000+00:00,2023-03-31 14:11:27.553000+00:00,333,85,TMV-odden,Solsiden,63.43547778770301,10.410569131581866,65,Strandveikaia,langs Stiklestadveien ved Strandveien,63.44208952370503,10.427939146757126
2023-03-31 14:06:57.881000+00:00,2023-03-31 14:14:36.797000+00:00,458,109,Torvet II,Utenfor McDonald's,63.430470910132236,10.393931418657303,51,Skansen, ved kryss Mellomila / Illevollen,63.430403126559675,10.37476971745491
2023-03-31 14:12:02.847000+00:00,2023-03-31 14:30:29.851000+00:00,1107,107,Pirbadet, Ved Havnegata,63.44075835708318,10.402169823646545,52,Bakklandet,Parkeringsplassen ved Brubakken. Operativt betjeningspanel.,63.427896581278105,10.403341750766884
2023-03-31 14:14:56.695000+00:00,2023-03-31 14:35:03.282000+00:00,1206,1885,Nova Kino,ved Danielsbakerveita,63.43337733865644,10.401074857528158,236,Lade idrettsanlegg vest,Ved Lade idrettsanlegg,63.446059058709096,10.443941575866347
2023-03-31 14:17:51.625000+00:00,2023-03-31 14:21:54.545000+00:00,242,85,TMV-odden,Solsiden,63.43547778770301,10.410569131581866,65,Strandveikaia,langs Stiklestadveien ved Strandveien,63.44208952370503,10.427939146757126
2023-03-31 14:20:00.571000+00:00,2023-03-31 14:35:50.879000+00:00,950,20,Nordre gate , Ved Olav Tryggvasons gate,63.433085554043984,10.397391468286514,46,Nidarø,ved rundkjøring utenfor Trondheim Spektrum,63.42646180597998,10.37818819284439
2023-03-31 14:37:13.415000+00:00,2023-03-31 14:49:54.345000+00:00,760,175,Torvet I,ved Prinsensgate,63.43051170410531,10.392764550201036,118,Abels gate,Ved Udbyes gate,63.41614341778847,10.396314561367035
2023-03-31 14:38:13.159000+00:00,2023-03-31 14:46:30.021000+00:00,496,86,Lerkendal,  I Strindvegen ved Klæbuveien,63.412525462202666,10.40068656206131,128,Lillegårdsbakken,Nederst i Lillegårdsbakken,63.42629161886643,10.404109150403997
2023-03-31 14:43:23.648000+00:00,2023-03-31 14:49:35.309000+00:00,371,51,Skansen, ved kryss Mellomila / Illevollen,63.430403126559675,10.37476971745491,109,Torvet II,Utenfor McDonald's,63.430470910132236,10.393931418657303
2023-03-31 14:44:45.395000+00:00,2023-03-31 14:51:44.408000+00:00,419,28,Kongens gate,Ved Nordre gate,63.43045711348886,10.398100912570953,9,Brattørkaia,Ved hurtigbåtterminalen. Operativt betjeningspanel.,63.43740318294613,10.39729356765747
2023-03-31 15:10:47.362000+00:00,2023-03-31 15:18:49.732000+00:00,482,9,Brattørkaia,Ved hurtigbåtterminalen. Operativt betjeningspanel.,63.43740318294613,10.39729356765747,21,Bakke bru,Ved holdeplass Bakkegata. Operativt betjeningspanel.,63.432148588449024,10.407380764659592
2023-03-31 15:12:04.672000+00:00,2023-03-31 15:16:00.497000+00:00,235,128,Lillegårdsbakken,Nederst i Lillegårdsbakken,63.42629161886643,10.404109150403997,109,Torvet II,Utenfor McDonald's,63.430470910132236,10.393931418657303
2023-03-31 15:15:07.965000+00:00,2023-03-31 15:21:15.101000+00:00,367,30,St. Olavs gate,Ved trikkeholdeplass,63.431170931099416,10.390283614397049,85,TMV-odden,Solsiden,63.43547778770301,10.410569131581866
2023-03-31 15:24:58.639000+00:00,2023-03-31 15:43:33.401000+00:00,1114,1879,Ilsvika,ved 3T Ilsvika,63.43132548001944,10.357520394276179,65,Strandveikaia,langs Stiklestadveien ved Strandveien,63.44208952370503,10.427939146757126
2023-03-31 15:27:24.823000+00:00,2023-03-31 15:30:57.591000+00:00,212,109,Torvet II,Utenfor McDonald's,63.430470910132236,10.393931418657303,128,Lillegårdsbakken,Nederst i Lillegårdsbakken,63.42629161886643,10.404109150403997
2023-03-31 15:39:57.301000+00:00,2023-03-31 15:53:24.104000+00:00,806,94,Gløshaugen,øst for Hovedbygningen,63.41939366673445,10.403602123260498,2301,Rosendal,I krysset Gamle Kongevei x Frostaveien,63.436025749373755,10.430998463879718
2023-03-31 15:54:06.228000+00:00,2023-03-31 16:03:01.952000+00:00,535,108,Bassengbakken, ved Rosenborgbassenget,63.43592006472795,10.414788275957108,175,Torvet I,ved Prinsensgate,63.43051170410531,10.392764550201036
2023-03-31 16:07:17.473000+00:00,2023-03-31 16:13:54.674000+00:00,397,28,Kongens gate,Ved Nordre gate,63.43045711348886,10.398100912570953,1,Dokkparken,Ved kryss Innherredsveien / Verftsgata. Operativt betjeningspanel.,63.433509009133566,10.411412715911865
2023-03-31 16:31:51.394000+00:00,2023-03-31 16:47:36.797000+00:00,945,20,Nordre gate , Ved Olav Tryggvasons gate,63.433085554043984,10.397391468286514,62,Kalvskinnet,Kalvskinnsgata/Erling Skakkes gate,63.42792321730192,10.389504432678223
2023-03-31 16:47:35.978000+00:00,2023-03-31 16:49:51.370000+00:00,135,30,St. Olavs gate,Ved trikkeholdeplass,63.431170931099416,10.390283614397049,19,Jomfrugateallmenningen,Fjordgata vest,63.434423074986874,10.395468324422836
2023-03-31 17:06:54.143000+00:00,2023-03-31 17:11:59.481000+00:00,305,14,Nidarosdomen,i Bispegata ved Katedralskolen. ,63.427610017040934,10.394511072969863,45,Studentersamfundet,sør for Eddaparken. Operativt betjeningspanel.,63.42185871322338,10.39451614022255
2023-03-31 17:09:25.038000+00:00,2023-03-31 17:17:49.522000+00:00,504,56,Falkenborg,Ved Sirkus shopping,63.4362775074396,10.45697271823883,1882,Lilleby,i Dakotaparken,63.44178275700753,10.439477124178211
2023-03-31 17:35:57.892000+00:00,2023-03-31 17:44:35.798000+00:00,517,1882,Lilleby,i Dakotaparken,63.44178275700753,10.439477124178211,21,Bakke bru,Ved holdeplass Bakkegata. Operativt betjeningspanel.,63.432148588449024,10.407380764659592
2023-03-31 17:44:43.241000+00:00,2023-03-31 18:06:28.118000+00:00,1304,2301,Rosendal,I krysset Gamle Kongevei x Frostaveien,63.436025749373755,10.430998463879718,51,Skansen, ved kryss Mellomila / Illevollen,63.430403126559675,10.37476971745491
2023-03-31 17:45:37.303000+00:00,2023-03-31 18:05:05.971000+00:00,1168,2301,Rosendal,I krysset Gamle Kongevei x Frostaveien,63.436025749373755,10.430998463879718,51,Skansen, ved kryss Mellomila / Illevollen,63.430403126559675,10.37476971745491
2023-03-31 20:42:15.724000+00:00,2023-03-31 20:53:54.867000+00:00,699,1885,Nova Kino,ved Danielsbakerveita,63.43337733865644,10.401074857528158,2301,Rosendal,I krysset Gamle Kongevei x Frostaveien,63.436025749373755,10.430998463879718
2023-03-31 21:41:55.319000+00:00,2023-03-31 21:48:00.370000+00:00,365,21,Bakke bru,Ved holdeplass Bakkegata. Operativt betjeningspanel.,63.432148588449024,10.407380764659592,65,Strandveikaia,langs Stiklestadveien ved Strandveien,63.44208952370503,10.427939146757126
2023-03-31 21:56:54.117000+00:00,2023-03-31 22:12:34.823000+00:00,940,41,Vollabakken, Ved Klostergata,63.42193791751501,10.399257121622668,1882,Lilleby,i Dakotaparken,63.44178275700753,10.439477124178211
